<mujoco model="fullbody.sldasm">
    <compiler angle="radian" />
    <size njmax="500" nconmax="100" />
	<default>
        <joint damping='5'/>

        <geom  contype='1' conaffinity='1' condim='3' friction="2 0.05 0.001" margin="0.001" solref=".015 0.1" solimp=".9 .9 .001" />
        
    </default>
    

    <visual>
        <map fogstart="3" fogend="5" force="0.1" znear="0.5"/>
        <quality shadowsize="2048" offsamples="8"/>
        <global offwidth="800" offheight="800"/>
    </visual>

    <option timestep='0.001' iterations="50" solver="PGS">
        <flag energy="enable" fwdinv="enable"/>
    </option>


    <asset>
        <mesh name="base_link" file="base_link.stl" />
        <mesh name="L_HipYaw_Link" file="L_HipYaw_Link.stl" />
        <mesh name="L_HipRoll_Link" file="L_HipRoll_Link.stl" />
        <mesh name="L_HipPitch_Link" file="L_HipPitch_Link.stl" />
        <mesh name="L_KneePItch_Link" file="L_KneePItch_Link.stl" />
        <mesh name="L_AnklePitch_Link" file="L_AnklePitch_Link.stl" />
        <mesh name="L_AnckleRoll_Link" file="L_AnckleRoll_Link.stl" />
        <mesh name="R_HipYaw_Link" file="R_HipYaw_Link.stl" />
        <mesh name="R_HipRoll_Link" file="R_HipRoll_Link.stl" />
        <mesh name="R_HipPitch_Link" file="R_HipPitch_Link.stl" />
        <mesh name="R_KneePitch_Link" file="R_KneePitch_Link.stl" />
        <mesh name="R_AncklePitch_Link" file="R_AncklePitch_Link.stl" />
        <mesh name="R_AnckleRoll_Link" file="R_AnckleRoll_Link.stl" />
        <mesh name="WaistPitch_Link" file="WaistPitch_Link.stl" />
        <mesh name="WaistYaw_Link" file="WaistYaw_Link.stl" />
        <mesh name="L_ShoulderPitch_Link" file="L_ShoulderPitch_Link.stl" />
        <mesh name="L_ShoulderRoll_Link" file="L_ShoulderRoll_Link.stl" />
        <mesh name="L_ShoulderYaw_Link" file="L_ShoulderYaw_Link.stl" />
        <mesh name="L_ElbowRoll_Link" file="L_ElbowRoll_Link.stl" />
        <mesh name="L_WristYaw_Link" file="L_WristYaw_Link.stl" />
        <mesh name="L_WristRoll_Link" file="L_WristRoll_Link.stl" />
        <mesh name="L_HandYaw_Link" file="L_HandYaw_Link.stl" />
        <mesh name="R_ShoulderPitch_Link" file="R_ShoulderPitch_Link.stl" />
        <mesh name="R_ShoulderRoll_Link" file="R_ShoulderRoll_Link.stl" />
        <mesh name="R_ShoulderYaw_Link" file="R_ShoulderYaw_Link.stl" />
        <mesh name="R_ElbowRoll_Link" file="R_ElbowRoll_Link.stl" />
        <mesh name="R_WristYaw_Link" file="R_WristYaw_Link.stl" />
        <mesh name="R_WristRoll_Link" file="R_WristRoll_Link.stl" />
        <mesh name="R_HandYaw_Link" file="R_HandYaw_Link.stl" />
<texture type="skybox" builtin="gradient" width="128" height="128" rgb1=".4 .6 .8" 
            rgb2="0 0 0"/>  
        <texture name="texgeom" type="cube" builtin="flat" mark="cross" width="127" height="1278" 
            rgb1="0.8 0.6 0.4" rgb2="0.8 0.6 0.4" markrgb="1 1 1" random="0.01"/>  
        <texture name="texplane" type="2d" builtin="checker" rgb1=".2 .3 .4" rgb2=".1 0.15 0.2" 
            width="512" height="512"/>  

        <material name='MatPlane' reflectance='0.5' texture="texplane" texrepeat="1 1" texuniform="true"/>
        <material name='geom' texture="texgeom" texuniform="true"/>
    </asset>
    <worldbody>
        <geom name='floor' pos='0 0 0' size='5 5 .125' type='plane' material="MatPlane" condim='3'/>

<light mode='targetbodycom' target='base_link' directional='false' diffuse='.8 .8 .8' specular='0.3 0.3 0.3' pos='0 0 14' dir='0 0 -1'/>

		<camera name='targeting' pos='1 1 7' mode='targetbodycom' target='base_link'/>


	<body name="base_link2" pos="0.3 0 3">
	<geom  type='sphere' size='0.1'/>
	<joint name='roo2t' type='free' pos='0 0 0' limited='false' damping='0' armature='0' stiffness='0'/>
	</body>
	<body name="base_link3" pos="-0.3 0 3">
	<geom  type='sphere' size='0.1'/>
	<joint name='roo3t' type='free' pos='0 0 0' limited='false' damping='0' armature='0' stiffness='0'/>
	</body>
	<body name="base_link4" pos="0 0.3 3">
	<geom  type='sphere' size='0.1'/>
	<joint name='roo4t' type='free' pos='0 0 0' limited='false' damping='0' armature='0' stiffness='0'/>
	</body>
	<body name="base_link5" pos="0 -0.3 3">
	<geom  type='sphere' size='0.1'/>
	<joint name='ro5o2t' type='free' pos='0 0 0' limited='false' damping='0' armature='0' stiffness='0'/>
	</body>
	<body name="base_link6" pos="0 0 3">
	<geom  type='sphere' size='0.1'/>
	<joint name='ro4o2t' type='free' pos='0 0 0' limited='false' damping='0' armature='0' stiffness='0'/>
	</body>
	<body name="base_link7" pos="-0.3 0.3 3">
	<geom  type='sphere' size='0.1'/>
	<joint name='r6oo2t' type='free' pos='0 0 0' limited='false' damping='0' armature='0' stiffness='0'/>
	</body>
	<body name="base_link8" pos="0.3 -0.3 3">
	<geom  type='sphere' size='0.1'/>
	<joint name='r7oo2t' type='free' pos='0 0 0' limited='false' damping='0' armature='0' stiffness='0'/>
	</body>
	<body name="base_lisnk8" pos="0.3 0.3 3">
	<geom  type='sphere' size='0.1'/>
	<joint name='r7soo2t' type='free' pos='0 0 0' limited='false' damping='0' armature='0' stiffness='0'/>
	</body>
	<body name="base_linsk8" pos="-0.3 -0.3 3">
	<geom  type='sphere' size='0.1'/>
	<joint name='r7oso2t' type='free' pos='0 0 0' limited='false' damping='0' armature='0' stiffness='0'/>
	</body>

	<body name="ball_link2" pos="0.3 0 7">
	<geom  type='sphere' size='0.1'/>
	<joint name='rroo2t' type='free' pos='0 0 0' limited='false' damping='0' armature='0' stiffness='0'/>
	</body>
	<body name="ball_link3" pos="-0.3 0 7">
	<geom  type='sphere' size='0.1'/>
	<joint name='rroo3t' type='free' pos='0 0 0' limited='false' damping='0' armature='0' stiffness='0'/>
	</body>
	<body name="ball_link4" pos="0 0.3 7">
	<geom  type='sphere' size='0.1'/>
	<joint name='rroo4t' type='free' pos='0 0 0' limited='false' damping='0' armature='0' stiffness='0'/>
	</body>
	<body name="ball_link5" pos="0 -0.3 7">
	<geom  type='sphere' size='0.1'/>
	<joint name='rro5o2t' type='free' pos='0 0 0' limited='false' damping='0' armature='0' stiffness='0'/>
	</body>
	<body name="ball_link6" pos="0 0 7">
	<geom  type='sphere' size='0.1'/>
	<joint name='rro4o2t' type='free' pos='0 0 0' limited='false' damping='0' armature='0' stiffness='0'/>
	</body>
	<body name="ball_link7" pos="-0.3 0.3 7">
	<geom  type='sphere' size='0.1'/>
	<joint name='rr6oo2t' type='free' pos='0 0 0' limited='false' damping='0' armature='0' stiffness='0'/>
	</body>
	<body name="ball_link8" pos="0.3 -0.3 7">
	<geom  type='sphere' size='0.1'/>
	<joint name='rr7oo2t' type='free' pos='0 0 0' limited='false' damping='0' armature='0' stiffness='0'/>
	</body>
	<body name="ba2se_lisnk8" pos="0.3 0.3 7">
	<geom  type='sphere' size='0.1'/>
	<joint name='r72soo2t' type='free' pos='0 0 0' limited='false' damping='0' armature='0' stiffness='0'/>
	</body>
	<body name="ba2se_linsk8" pos="-0.3 -0.3 7">
	<geom  type='sphere' size='0.1'/>
	<joint name='r7o2so2t' type='free' pos='0 0 0' limited='false' damping='0' armature='0' stiffness='0'/>
	</body>

        <body name="base_link" pos="0 0 2">
<joint name='root' type='free' pos='0 0 0' limited='false' damping='0' armature='0' stiffness='0'/>
            <inertial pos="-0.00106 0 0.049486" quat="0.707086 0.707086 0.0054423 -0.0054423" mass="1.9994" diaginertia="0.0184026 0.0115804 0.008454" />
            <geom type="mesh" rgba="0.59216 0.61961 0.65098 1" mesh="base_link" />
            <body name="L_HipYaw_Link" pos="0 0.10526 0">
                <inertial pos="-0.030891 -0.00026292 -0.066857" quat="0.689684 -0.170472 -0.173508 0.682034" mass="1.495" diaginertia="0.0139763 0.0119957 0.00271302" />
                <joint name="L_HipYaw" pos="0 0 0" axis="0 0 -1" />
                <geom type="mesh" rgba="0.59216 0.61961 0.65098 1" mesh="L_HipYaw_Link" gap="0.1"/>
                <body name="L_HipRoll_Link" pos="-0.0059 -0.00026292 -0.1349">
                    <inertial pos="0 -0.010643 0.00033181" quat="0.5 0.5 -0.5 0.5" mass="1.023" diaginertia="0.001839 0.00179 0.000627" />
                    <joint name="L_HipRoll" pos="0 0 0" axis="1 0 0" />
                    <geom type="mesh" rgba="0.59216 0.61961 0.65098 1" mesh="L_HipRoll_Link" />
                    <body name="L_HipPitch_Link" pos="0 0 0">
                        <inertial pos="0.12623 -0.012 -0.24119" quat="0.916037 -0.0676501 0.226931 -0.323731" mass="3.2021" diaginertia="0.185774 0.185774 0.185774" />
                        <joint name="L_HipPitch" pos="0 0 0" axis="0 1 0" />
                        <geom type="mesh" rgba="0.59216 0.61961 0.65098 1" mesh="L_HipPitch_Link" />
                        <body name="L_KneePItch_Link" pos="0.1515 -0.01075 -0.33906">
                            <inertial pos="0.057127 -0.015978 -0.23954" quat="0.945379 0.00158551 0.107792 -0.30763" mass="2.0241" diaginertia="0.100778 0.100778 0.100778" />
                            <joint name="L_KneePItch" pos="0 0 0" axis="0 1 0" />
                            <geom type="mesh" rgba="0.59216 0.61961 0.65098 1" mesh="L_KneePItch_Link" gap="0.15"/>
                            <body name="L_AnklePitch_Link" pos="0.06 0.00485 -0.36794">
                                <inertial pos="-0.01052 0 0" quat="0 0.707107 0 0.707107" mass="1.0349" diaginertia="0.001843 0.001803 0.000637" />
                                <joint name="L_AnklePitch" pos="0 0 0" axis="0 1 0" />
                                <geom type="mesh" rgba="0.59216 0.61961 0.65098 1" mesh="L_AnklePitch_Link" gap="0.1"/>
                                <body name="L_AnckleRoll_Link" pos="0 0 0">
                                    <inertial pos="-0.0013994 0 -0.086297" quat="0.706893 -0.0173708 -0.0173708 0.706893" mass="1.297" diaginertia="0.018122 0.0126085 0.0107535" />
                                    <joint name="L_AnckleRoll" pos="0 0 0" axis="1 0 0" />
                                    <geom type="mesh" rgba="0.59216 0.61961 0.65098 1" mesh="L_AnckleRoll_Link" />
                                </body>
                            </body>
                        </body>
                    </body>
                </body>
            </body>
            <body name="R_HipYaw_Link" pos="0 -0.105 0">
                <inertial pos="-0.030891 0 -0.066857" quat="0.685869 -0.171997 -0.171997 0.685869" mass="1.495" diaginertia="0.013976 0.011996 0.00271305" />
                <joint name="R_HipYaw" pos="0 0 0" axis="0 0 -1" />
                <geom type="mesh" rgba="0.59216 0.61961 0.65098 1" mesh="R_HipYaw_Link" gap="0.1" />
                <body name="R_HipRoll_Link" pos="-0.0059 0 -0.1349" quat="0.999956 -0.00935336 0 0">
                    <inertial pos="0 0.010643 0.00033181" quat="0.5 0.5 -0.5 0.5" mass="1.023" diaginertia="0.001839 0.00179 0.000627" />
                    <joint name="R_HipRoll" pos="0 0 0" axis="1 0 0" />
                    <geom type="mesh" rgba="0.59216 0.61961 0.65098 1" mesh="R_HipRoll_Link" />
                    <body name="R_HipPitch_Link" pos="0 0 0">
                        <inertial pos="0.12623 0.012 -0.24119" quat="0.916037 0.0676501 0.226931 0.323731" mass="3.2021" diaginertia="0.185774 0.185774 0.185774" />
                        <joint name="R_HipPitch" pos="0 0 0" axis="0 -1 0" />
                        <geom type="mesh" rgba="0.59216 0.61961 0.65098 1" mesh="R_HipPitch_Link" />
                        <body name="R_KneePitch_Link" pos="0.1515 0.01075 -0.339">
                            <inertial pos="0.057127 0.015978 -0.2396" quat="0.945382 -0.00158574 0.107773 0.307628" mass="2.0241" diaginertia="0.100814 0.100814 0.100814" />
                            <joint name="R_KneePitch" pos="0 0 0" axis="0 -1 0" />
                            <geom type="mesh" rgba="0.59216 0.61961 0.65098 1" mesh="R_KneePitch_Link"  gap="0.15"/>
                            <body name="R_AncklePitch_Link" pos="0.06 -0.00485 -0.368">
                                <inertial pos="-0.01052 0 0" quat="0 0.707107 0 0.707107" mass="1.0349" diaginertia="0.001843 0.001803 0.000637" />
                                <joint name="R_AncklePitch" pos="0 0 0" axis="0 -1 0" />
                                <geom type="mesh" rgba="0.59216 0.61961 0.65098 1" mesh="R_AncklePitch_Link" gap="0.1"/>
                                <body name="R_AnckleRoll_Link" pos="0 0 0">
                                    <inertial pos="-0.0013994 0.0016143 -0.086282" quat="0.706463 -0.0239741 -0.0107303 0.707263" mass="1.297" diaginertia="0.0181216 0.0126085 0.0107529" />
                                    <joint name="R_AnckleRoll" pos="0 0 0" axis="1 0 0" />
                                    <geom type="mesh" rgba="0.59216 0.61961 0.65098 1" mesh="R_AnckleRoll_Link" />
                                </body>
                            </body>
                        </body>
                    </body>
                </body>
            </body>
            <body name="WaistPitch_Link" pos="0 0 0">
                <inertial pos="0 0 0.14577" quat="0.707107 0 0 0.707107" mass="0.17684" diaginertia="0.004215 0.003844 0.000457" />
                <joint name="WaistPitch" pos="0 0 0" axis="0 0 1" />
                <geom type="mesh" rgba="0.59216 0.61961 0.65098 1" mesh="WaistPitch_Link" />
                <body name="WaistYaw_Link" pos="0 0 0.186">
                    <inertial pos="-8e-06 0 0.121" mass="10.78" diaginertia="0.262766 0.242504 0.109346" />
                    <joint name="WaistYaw" pos="0 0 0" axis="-1 0 0" />
                    <geom type="mesh" rgba="0.59216 0.61961 0.65098 1" mesh="WaistYaw_Link" gap="0.2"/>
                    <body name="L_ShoulderPitch_Link" pos="0 0.17 0.239" quat="0.965926 0.25882 0 0">
                        <inertial pos="0.00028444 -0.0013968 0" quat="0 0.707107 0 0.707107" mass="0.92826" diaginertia="0.00156 0.0015422 0.000473" />
                        <joint name="L_ShoulderPitch" pos="0 0 0" axis="0 1 0" />
                        <geom type="mesh" rgba="0.59216 0.61961 0.65098 1" mesh="L_ShoulderPitch_Link" />
                        <body name="L_ShoulderRoll_Link" pos="0 0 0">
                            <inertial pos="0 0.030402 0.033562" quat="0.629924 0.321242 -0.321242 0.629924" mass="0.37361" diaginertia="0.00212121 0.001421 0.00130279" />
                            <joint name="L_ShoulderRoll" pos="0 0 0" axis="1 0 0" />
                            <geom type="mesh" rgba="0.59216 0.61961 0.65098 1" mesh="L_ShoulderRoll_Link" />
                            <body name="L_ShoulderYaw_Link" pos="0 0 0.028856">
                                <inertial pos="-0.00046649 0.21409 0" quat="0.500672 0.499327 -0.500672 0.499327" mass="1.7512" diaginertia="0.090836 0.0904196 0.00125935" />
                                <joint name="L_ShoulderYaw" pos="0 0 0" axis="0 1 0" />
                                <geom type="mesh" rgba="0.59216 0.61961 0.65098 1" mesh="L_ShoulderYaw_Link" />
                                <body name="L_ElbowRoll_Link" pos="0 0.294 0">
                                    <inertial pos="-0.00013156 0.027019 0.070625" quat="0.978431 0.206326 0.00269168 -0.00972432" mass="0.83343" diaginertia="0.00592013 0.00562339 0.00105148" />
                                    <joint name="L_ElbowRoll" pos="0 0 0" axis="1 0 0" />
                                    <geom type="mesh" rgba="0.59216 0.61961 0.65098 1" mesh="L_ElbowRoll_Link" />
                                    <body name="L_WristYaw_Link" pos="0 0 0.075">
                                        <inertial pos="-0.00052833 0.21354 0" quat="0.500738 0.499261 -0.500738 0.499261" mass="0.52387" diaginertia="0.026765 0.0266882 0.00026877" />
                                        <joint name="L_WristYaw" pos="0 0 0" axis="0 1 0" />
                                        <geom type="mesh" rgba="0.59216 0.61961 0.65098 1" mesh="L_WristYaw_Link" />
                                        <body name="L_WristRoll_Link" pos="-0.00015 0.3085 0">
                                            <inertial pos="0 0.029698 0" quat="0 0.707107 0 0.707107" mass="0.0695" diaginertia="0.000153 9.0005e-05 8.3e-05" />
                                            <joint name="L_WristRoll" pos="0 0 0" axis="1 0 0" />
                                            <geom type="mesh" rgba="0.59216 0.61961 0.65098 1" mesh="L_WristRoll_Link" />
                                            <body name="L_HandYaw_Link" pos="0 0 0">
                                                <inertial pos="0 0.20231 0.0031654" quat="0.503933 0.496036 -0.496036 0.503933" mass="1.206" diaginertia="0.0557793 0.05396 0.00258773" />
                                                <joint name="L_HandYaw" pos="0 0 0" axis="0 1 0" />
                                                <geom type="mesh" rgba="0.59216 0.61961 0.65098 1" mesh="L_HandYaw_Link" />
                                            </body>
                                        </body>
                                    </body>
                                </body>
                            </body>
                        </body>
                    </body>
                    <body name="R_ShoulderPitch_Link" pos="0 -0.17 0.239" quat="0.965926 -0.25882 0 0">
                        <inertial pos="0.00028444 0.0013968 0" quat="0 0.707107 0 0.707107" mass="0.92826" diaginertia="0.00156 0.0015422 0.000473" />
                        <joint name="R_ShoulderPitch" pos="0 0 0" axis="0 -1 0" />
                        <geom type="mesh" rgba="0.59216 0.61961 0.65098 1" mesh="R_ShoulderPitch_Link" />
                        <body name="R_ShoulderRoll_Link" pos="0 0 0">
                            <inertial pos="0 -0.030402 0.033562" quat="0.321242 0.629924 -0.629924 0.321242" mass="0.37361" diaginertia="0.00212121 0.001421 0.00130279" />
                            <joint name="R_ShoulderRoll" pos="0 0 0" axis="1 0 0" />
                            <geom type="mesh" rgba="0.59216 0.61961 0.65098 1" mesh="R_ShoulderRoll_Link" gap="0.2"/>
                            <body name="R_ShoulderYaw_Link" pos="0 0 0.028856">
                                <inertial pos="-0.00046649 -0.21409 0" quat="0.499327 0.500672 -0.499327 0.500672" mass="1.7512" diaginertia="0.090836 0.0904196 0.00125935" />
                                <joint name="R_ShoulderYaw" pos="0 0 0" axis="0 -1 0" />
                                <geom type="mesh" rgba="0.59216 0.61961 0.65098 1" mesh="R_ShoulderYaw_Link" />
                                <body name="R_ElbowRoll_Link" pos="0 -0.294 0">
                                    <inertial pos="-0.00013156 -0.027019 0.070625" quat="0.978431 -0.206326 0.00269168 0.00972432" mass="0.83343" diaginertia="0.00592013 0.00562339 0.00105148" />
                                    <joint name="R_ElbowRoll" pos="0 0 0" axis="1 0 0" />
                                    <geom type="mesh" rgba="0.59216 0.61961 0.65098 1" mesh="R_ElbowRoll_Link" />
                                    <body name="R_WristYaw_Link" pos="0 0 0.075">
                                        <inertial pos="-0.00052833 -0.21354 0" quat="0.499261 0.500738 -0.499261 0.500738" mass="0.52387" diaginertia="0.026765 0.0266882 0.00026877" />
                                        <joint name="R_WristYaw" pos="0 0 0" axis="0 -1 0" />
                                        <geom type="mesh" rgba="0.59216 0.61961 0.65098 1" mesh="R_WristYaw_Link" />
                                        <body name="R_WristRoll_Link" pos="-0.00015 -0.3085 0">
                                            <inertial pos="0 -0.029698 0" quat="0 0.707107 0 0.707107" mass="0.0695" diaginertia="0.000153 9e-05 8.3e-05" />
                                            <joint name="R_WristRoll" pos="0 0 0" axis="1 0 0" />
                                            <geom type="mesh" rgba="0.59216 0.61961 0.65098 1" mesh="R_WristRoll_Link" />
                                            <body name="R_HandYaw_Link" pos="0 0 0">
                                                <inertial pos="0 -0.20231 -0.0031654" quat="0.503933 0.496036 -0.496036 0.503933" mass="1.206" diaginertia="0.0557793 0.05396 0.00258773" />
                                                <joint name="R_HandYaw" pos="0 0 0" axis="0 -1 0" />
                                                <geom type="mesh" rgba="0.59216 0.61961 0.65098 1" mesh="R_HandYaw_Link" />
                                            </body>
                                        </body>
                                    </body>
                                </body>
                            </body>
                        </body>
                    </body>
                </body>
            </body>
        </body>
    </worldbody>
</mujoco>
